{
    "compare_rating": 0.6160086533261222,
    "deliver_time": 43,
    "food_score": 4.52468,
    "order_rating_amount": 1445,
    "overall_score": 4.59567,
    "service_score": 4.66665
}
